name,position,team,proj_dollars
Ja'Marr Chase,WR,CIN,62
Bijan Robinson,RB,ATL,61
Jahmyr Gibbs,RB,DET,60
Puka Nacua,WR,LAR,59
Jaxon Smith-Njigba,WR,SEA,58
Christian McCaffrey,RB,SF,56
CeeDee Lamb,WR,DAL,55
Jonathan Taylor,RB,IND,54
Amon-Ra St. Brown,WR,DET,52
James Cook III,RB,BUF,50
Ashton Jeanty,RB,LV,48
Justin Jefferson,WR,MIN,46
De'Von Achane,RB,MIA,44
Chase Brown,RB,CIN,43
Saquon Barkley,RB,PHI,42
Drake London,WR,ATL,42
Rashee Rice,WR,KC,41
Brock Bowers,TE,LV,38
Nico Collins,WR,HOU,37
Omarion Hampton,RB,LAC,36
Kenneth Walker III,RB,KC,35
Trey McBride,TE,ARI,34
George Pickens,WR,DAL,33
Malik Nabers,WR,NYG,32
Jeremiyah Love,RB,ARI,31
Josh Allen,QB,BUF,30
Chris Olave,WR,NO,29
Derrick Henry,RB,BAL,28
A.J. Brown,WR,PHI,27
Lamar Jackson,QB,BAL,26
Josh Jacobs,RB,GB,26
Tetairoa McMillan,WR,CAR,25
DeVonta Smith,WR,PHI,24
Tee Higgins,WR,CIN,23
Drake Maye,QB,NE,21
Colston Loveland,TE,CHI,20
Garrett Wilson,WR,NYJ,20
Kyren Williams,RB,LAR,19
Travis Etienne Jr.,RB,NO,18
Breece Hall,RB,NYJ,17
Javonte Williams,RB,DAL,17
Zay Flowers,WR,BAL,17
Ladd McConkey,WR,LAC,17
Davante Adams,WR,LAR,17
Jaylen Waddle,WR,DEN,17
Luther Burden III,WR,CHI,16
Joe Burrow,QB,CIN,15
Terry McLaurin,WR,WAS,15
Bucky Irving,RB,TB,14
Jameson Williams,WR,DET,13
Cam Skattebo,RB,NYG,13
Jayden Daniels,QB,WAS,12
Emeka Egbuka,WR,TB,11
Jalen Hurts,QB,PHI,11
TreVeyon Henderson,RB,NE,10
D'Andre Swift,RB,CHI,9
DJ Moore,WR,BUF,9
Christian Watson,WR,GB,8
Tyler Warren,TE,IND,8
Chuba Hubbard,RB,CAR,8
Rome Odunze,WR,CHI,7
Quinshon Judkins,RB,CLE,7
Tucker Kraft,TE,GB,7
Bhayshul Tuten,RB,JAX,7
Carnell Tate,WR,TEN,7
Mike Evans,WR,SF,6
David Montgomery,RB,HOU,6
Justin Herbert,QB,LAC,5
Jaxson Dart,QB,NYG,5
Jaylen Warren,RB,PIT,5
Jordyn Tyson,WR,NO,5
Jadarian Price,RB,SEA,5
Marvin Harrison Jr.,WR,ARI,5
Makai Lemon,WR,PHI,5
Rico Dowdle,RB,PIT,5
Alec Pierce,WR,IND,4
RJ Harvey,RB,DEN,4
Caleb Williams,QB,CHI,4
Courtland Sutton,WR,DEN,4
Harold Fannin Jr.,TE,CLE,4
Michael Wilson,WR,ARI,3
DK Metcalf,WR,PIT,3
Rhamondre Stevenson,RB,NE,3
Sam LaPorta,TE,DET,3
Tony Pollard,RB,TEN,3
Chris Godwin Jr.,WR,TB,3
Trevor Lawrence,QB,JAX,3
Kyle Pitts Sr.,TE,ATL,3
Dak Prescott,QB,DAL,3
Brian Thomas Jr.,WR,JAX,3
Ricky Pearsall,WR,SF,2
Kyle Monangai,RB,CHI,2
J.K. Dobbins,RB,DEN,2
Parker Washington,WR,JAX,2
Blake Corum,RB,LAR,2
Jakobi Meyers,WR,JAX,2
Kyler Murray,QB,MIN,2
Jacory Croskey-Merritt,RB,WAS,2
Bo Nix,QB,DEN,2
Dalton Kincaid,TE,BUF,2
Brock Purdy,QB,SF,2
Jordan Addison,WR,MIN,2
Oronde Gadsden,TE,LAC,2
Kenneth Gainwell,RB,TB,2
Patrick Mahomes,QB,KC,2
Michael Pittman Jr.,WR,PIT,2
Dallas Goedert,TE,PHI,2
Tyler Allgeier,RB,ARI,2
Aaron Jones Sr.,RB,MIN,2
Travis Kelce,TE,KC,2
Josh Downs,WR,IND,2
Wan'Dale Robinson,WR,TEN,2
Jayden Reed,WR,GB,2
Quentin Johnston,WR,LAC,2
Jordan Mason,RB,MIN,2
Rachaad White,RB,WAS,2
Jayden Higgins,WR,HOU,2
Jake Ferguson,TE,DAL,2
Zach Charbonnet,RB,SEA,2
Isaiah Likely,TE,NYG,2
George Kittle,TE,SF,2
Tyrone Tracy Jr.,RB,NYG,2
Chris Rodriguez Jr.,RB,JAX,2
Jonathon Brooks,RB,CAR,2
Romeo Doubs,WR,NE,2
Jalen Coker,WR,CAR,2
Malik Willis,QB,MIA,2
Matthew Stafford,QB,LAR,2
Xavier Worthy,WR,KC,2
KC Concepcion,WR,CLE,2
Tyjae Spears,RB,TEN,1
Woody Marks,RB,HOU,1
Khalil Shakir,WR,BUF,1
Matthew Golden,WR,GB,1
Jonah Coleman,RB,DEN,1
Jared Goff,QB,DET,1
Jordan Love,QB,GB,1
Keaton Mitchell,RB,LAC,1
Tyler Shough,QB,NO,1
Stefon Diggs,WR,NE,1
Braelon Allen,RB,NYJ,1
Dylan Sampson,RB,CLE,1
Baker Mayfield,QB,TB,1
Mark Andrews,TE,BAL,1
Brenton Strange,TE,JAX,1
Brian Robinson Jr.,RB,ATL,1
Isiah Pacheco,RB,DET,1
Denzel Boston,WR,CLE,1
Travis Hunter,WR,JAX,1
Hunter Henry,TE,NE,1
Deebo Samuel,WR,WAS,1
Emanuel Wilson,RB,SEA,1
C.J. Stroud,QB,HOU,1
Mike Washington,RB,LV,1
Alvin Kamara,RB,NO,1
James Conner,RB,ARI,1
Omar Cooper,WR,NYJ,1
Tank Bigsby,RB,PHI,1
Texans,DST,HOU,1
Bryce Young,QB,CAR,1
Brandon Aiyuk,WR,SF,1
Juwan Johnson,TE,NO,1
Sam Darnold,QB,SEA,1
Jalen McMillan,WR,TB,1
Broncos,DST,DEN,1
Jerry Jeudy,WR,CLE,1
Cam Ward,QB,TEN,1
Jauan Jennings,WR,MIN,1
Daniel Jones,QB,IND,1
Seahawks,DST,SEA,1
Nicholas Singleton,RB,TEN,1
Rashid Shaheed,WR,SEA,1
Adonai Mitchell,WR,NYJ,1
Eagles,DST,PHI,1
Rams,DST,LAR,1
Kayshon Boutte,WR,NE,1
Kaytron Allen,RB,WAS,1
Vikings,DST,MIN,1
Ray Davis,RB,BUF,1
Emmett Johnson,RB,KC,1
Kenyon Sadiq,TE,NYJ,1
Chig Okonkwo,TE,WAS,1
Kimani Vidal,RB,LAC,1
Kaleb Johnson,RB,PIT,1
Tyreek Hill,WR,MIA,1
Patriots,DST,NE,1
T.J. Hockenson,TE,MIN,1
Terrance Ferguson,TE,LAR,1
Brandon Aubrey,K,DAL,1
Jaguars,DST,JAX,1
Jacoby Brissett,QB,ARI,1
Antonio Williams,WR,WAS,1
Jaylin Noel,WR,HOU,1
Sean Tucker,RB,TB,1
Chargers,DST,LAC,1
Steelers,DST,PIT,1
Packers,DST,GB,1
Calvin Ridley,WR,TEN,1
Ka'imi Fairbairn,K,HOU,1
Chimere Dike,WR,TEN,1
Chris Bell,WR,MIA,1
Dalton Schultz,TE,HOU,1
Jahan Dotson,WR,ATL,1
Jack Bech,WR,LV,1
Eli Stowers,TE,PHI,1
Cam Little,K,JAX,1
Troy Franklin,WR,DEN,1
Browns,DST,CLE,1
Jason Myers,K,SEA,1
Cameron Dicker,K,LAC,1
Tre Tucker,WR,LV,1
Elic Ayomanor,WR,TEN,1
Tre' Harris,WR,LAC,1
Jalen Nailor,WR,LV,1
Isaac TeSlaa,WR,DET,1
Trey Benson,RB,ARI,1
Jaylen Wright,RB,MIA,1
AJ Barner,TE,SEA,1
Ryan Flournoy,WR,DAL,1
Mason Taylor,TE,NYJ,1
Germie Bernard,WR,PIT,1
Pat Bryant,WR,DEN,1
Chiefs,DST,KC,1
Ravens,DST,BAL,1
Tyler Loop,K,BAL,1
Jake Tonges,TE,SF,1
Eddy Pineiro,K,SF,1
Andy Borregales,K,NE,1
Chris Boswell,K,PIT,1
Evan McPherson,K,CIN,1
Bills,DST,BUF,1
Chase McLaughlin,K,TB,0
Cairo Santos,K,CHI,1
David Njoku,TE,CLE,1
Darnell Mooney,WR,NYG,1
Lions,DST,DET,1
Tyler Higbee,TE,LAR,0
Harrison Butker,K,KC,0
Najee Harris,RB,LAC,1
Fernando Mendoza,QB,LV,0
Kyle Williams,WR,NE,0
Colby Parkinson,TE,LAR,0
Dontayvion Wicks,WR,PHI,1
49ers,DST,SF,0
Jake Bates,K,DET,0
Charlie Smyth,K,NO,0
Tank Dell,WR,HOU,1
De'Zhaun Stribling,WR,SF,0
Harrison Mevis,K,LAR,0
Ollie Gordon II,RB,MIA,1
Malachi Fields,WR,NYG,0
Michael Penix Jr.,QB,ATL,0
Kendre Miller,RB,NO,1
Rashod Bateman,WR,BAL,0
Gunnar Helm,TE,TEN,1
Devin Neal,RB,NO,1
Pat Freiermuth,TE,PIT,1
Evan Engram,TE,DEN,0
Aaron Rodgers,QB,PIT,0
Jordan James,RB,SF,1
Falcons,DST,ATL,0
Colts,DST,IND,0
Keon Coleman,WR,BUF,0
Demond Claiborne,RB,MIN,0
Mike Gesicki,TE,CIN,0
Will Reichard,K,MIN,1
Shedeur Sanders,QB,CLE,0
Elijah Sarratt,WR,BAL,0
Cooper Kupp,WR,SEA,0
Cade Otton,TE,TB,1
Geno Smith,QB,NYJ,1
Tory Horton,WR,SEA,1
Joe Mixon,RB,HOU,0
Wil Lutz,K,DEN,0
Mack Hollins,WR,NE,0
Bears,DST,CHI,0
Chris Brazzell,WR,CAR,0
DJ Giddens,RB,IND,1
George Holani,RB,SEA,1
Zachariah Branch,WR,ATL,0
Malik Washington,WR,MIA,1
Brashard Smith,RB,KC,0
Devaughn Vele,WR,NO,0
Theo Johnson,TE,NYG,0
Ty Johnson,RB,BUF,0
Greg Dulcich,TE,MIA,0
LeQuint Allen Jr.,RB,JAX,1
Emari Demercado,RB,KC,1
Marvin Mims Jr.,WR,DEN,0
Darnell Washington,TE,PIT,0
Tua Tagovailoa,QB,ATL,0
J.J. McCarthy,QB,MIN,0
Chris Brooks,RB,GB,1
Hollywood Brown,WR,PHI,1
Christian Kirk,WR,SF,0
Mac Jones,QB,SF,0
Ty Simpson,QB,LAR,0
Deshaun Watson,QB,CLE,0
Panthers,DST,CAR,0
Keenan Allen,WR,LAC,0
Kirk Cousins,QB,LV,0
Devin Singletary,RB,NYG,0
Isaiah Davis,RB,NYJ,1
Jaydon Blue,RB,DAL,1
Tyquan Thornton,WR,KC,0
Jerome Ford,RB,WAS,0
Darius Slayton,WR,NYG,0
Jaleel McLaughlin,RB,DEN,0
Xavier Legette,WR,CAR,0
Justice Hill,RB,BAL,1
Jalen Royals,WR,KC,0
Isaac Guerendo,RB,SF,0
Ted Hurst,WR,TB,0
Cedric Tillman,WR,CLE,0
Samaje Perine,RB,CIN,0
Isaiah Bond,WR,CLE,0
Tahj Brooks,RB,CIN,1
Tez Johnson,WR,TB,0
Malik Davis,RB,DAL,0
Adam Randall,RB,BAL,0
MarShawn Lloyd,RB,GB,0
Audric Estime,RB,NO,0
Trevor Etienne,RB,CAR,0
Kareem Hunt,RB,KC,0
Jarquez Hunter,RB,LAR,0
Bam Knight,RB,ARI,0
Austin Ekeler,RB,WAS,0
Saints,DST,NO,0
Darren Waller,TE,MIA,0
Zach Ertz,TE,WAS,0
Spencer Shrader,K,IND,0
Justin Fields,QB,KC,0
Zane Gonzalez,K,MIA,0
Jake Moody,K,WAS,0
Jonnu Smith,TE,PIT,0
Dawson Knox,TE,BUF,0
Noah Fant,TE,NO,0
Carson Wentz,QB,MIN,0
Brandon McManus,K,GB,0
Joey Slye,K,TEN,0
Taysom Hill,TE,NO,0
Michael Carter,RB,TEN,0
Chad Ryland,K,ARI,0
Blake Grupe,K,IND,0
Buccaneers,DST,TB,0
Cole Kmet,TE,CHI,0
DeMario Douglas,WR,NE,0
Nick Folk,K,ATL,0
Matt Gay,K,LV,0
Calvin Austin III,WR,NYG,0
Andrei Iosivas,WR,CIN,0
Josh Oliver,TE,MIN,0
Kendrick Bourne,WR,ARI,0
Dolphins,DST,MIA,0
Austin Hooper,TE,ATL,0
Brock Wright,TE,DET,0
Michael Mayer,TE,LV,0
Jawhar Jordan,RB,HOU,0
Greg Dortch,WR,DET,0
KaVontae Turpin,WR,DAL,0
Riley Patterson,K,MIA,0
Matt Prater,K,BUF,0
Sterling Shepard,WR,TB,0
Nick Chubb,RB,HOU,0
Joshua Karty,K,ARI,0
Joe Flacco,QB,CIN,0
Olamide Zaccheaus,WR,ATL,0
Kevin Austin Jr.,WR,NO,0
Tanner Hudson,TE,CIN,0
Miles Sanders,RB,DAL,0
Ja'Tavion Sanders,TE,CAR,0
Devontez Walker,WR,BAL,0
Jake Elliott,K,PHI,0
Bengals,DST,CIN,0
Daniel Bellinger,TE,TEN,0
Luke McCaffrey,WR,WAS,0
Hunter Renfrow,WR,CAR,0
Tommy Tremble,TE,CAR,0
Titans,DST,TEN,0
Gabe Davis,WR,BUF,0
Giants,DST,NYG,0
Xavier Hutchinson,WR,HOU,0
John Metchie III,WR,CAR,0
Cardinals,DST,ARI,0
Hunter Long,TE,JAX,0
Jackson Hawes,TE,BUF,0
Commanders,DST,WAS,0
Jalen Tolbert,WR,MIA,0
Adam Trautman,TE,DEN,0
DeAndre Hopkins,WR,BAL,0
Tyler Conklin,TE,DET,0
Daniel Carlson,K,LV,0
Demarcus Robinson,WR,SF,0
Raiders,DST,LV,0
Joshua Palmer,WR,BUF,0
Noah Gray,TE,KC,0
Lil'Jordan Humphrey,WR,DEN,0
Van Jefferson,WR,WAS,0
Mitchell Evans,TE,CAR,0
Jahdae Walker,WR,CHI,0
Davis Allen,TE,LAR,0
Cowboys,DST,DAL,0
Ben Sinnott,TE,WAS,0
Kalif Raymond,WR,CHI,0
Tyler Johnson,WR,DAL,0
Elijah Higgins,TE,ARI,0
Tim Patrick,WR,JAX,0
Will Dissly,TE,LAC,0
JuJu Smith-Schuster,WR,KC,0
Josh Reynolds,WR,NYJ,0
Antonio Gibson,RB,NE,0
Andre Szmyt,K,CLE,0
Tutu Atwell,WR,MIA,0
Tyler Lockett,WR,LV,0
Erick All Jr.,TE,CIN,0
Luke Musgrave,TE,GB,0
Ryan Fitzgerald,K,CAR,0
Nick Vannett,TE,LAR,0
Tyrell Shavers,WR,BUF,0
Mitch Tinsley,WR,CIN,0
Brandin Cooks,WR,NO,0
Noah Brown,WR,WAS,0
Spencer Rattler,QB,NO,0
Alexander Mattison,RB,MIA,0
Marquez Valdes-Scantling,WR,DAL,0
Bub Means,WR,NO,0
CJ Dippre,TE,NE,0
Carsen Ryan,TE,CLE,0
RJ Maryland,TE,GB,0
Carson Towt,TE,IND,0
Evan Svoboda,TE,LAC,0
Thomas Fidone II,TE,NYG,0
Albert Okwuegbunam Jr.,TE,LV,0
Bauer Sharp,TE,TB,0
Lance Mason,TE,SEA,0
Marcedes Lewis,TE,DEN,0
DJ Rogers,TE,DAL,0
Josh Cuevas,TE,BAL,0
Messiah Swinson,TE,GB,0
Tanner Arkin,TE,NE,0
Chamon Metayer,TE,PIT,0
Devin Culp,TE,TB,0
Sal Cannella,TE,CLE,0
Eli Raridon,TE,NE,0
Ademola Faleye,TE,TB,0
Justin Joly,TE,DEN,0
Treyton Welch,TE,NO,0
Jared Wiley,TE,KC,0
Tre Watson,TE,KC,0
Robert Tonyan,TE,KC,0
Nikola Kalinic,TE,CHI,0
Sam Roush,TE,CHI,0
Eni Falayi,TE,GB,0
Patrick Gurd,TE,LV,0
E.J. Jenkins,TE,PHI,0
Riley Nowakowski,TE,PIT,0
Matthew Hibner,TE,BAL,0
Bryson Nesbit,TE,MIN,0
Tanner Koziol,TE,JAX,0
Rivaldo Fairweather,TE,ARI,0
Travis Vokolek,TE,ARI,0
Dallen Bentley,TE,DEN,0
James Mitchell,TE,CAR,0
Nate Boerkircher,TE,JAX,0
Matt Lauter,TE,LV,0
Tyree Jackson,TE,WAS,0
Michael Trigg,TE,DAL,0
Caden Prieskorn,TE,CLE,0
Khalil Dinkins,TE,SF,0
Joshua Simon,TE,ATL,0
DeShawn Hanika,TE,IND,0
Zaire Mitchell-Paden,TE,NO,0
Joel Wilson,TE,TEN,0
Brandon Frazier,TE,ATL,0
Hayden Rucci,TE,SF,0
Luke Lachey,TE,HOU,0
McCallan Castles,TE,GB,0
Keleki Latu,TE,BUF,0
Nick Kallerup,TE,SEA,0
Max Klare,TE,LAR,0
Kenny Fletcher Jr.,TE,TB,0
Zack Kuntz,TE,NYJ,0
Jaren Kanak,TE,TEN,0
Chase Curtis,TE,NYJ,0
Jerand Bradley,TE,LAC,0
Hayden Large,TE,CHI,0
Jake Briningstool,TE,KC,0
Ty Pezza,TE,BAL,0
Miles Kitselman,TE,DET,0
Marshall Lang,TE,NE,0
Thomas Gordon,TE,DET,0
Dan Villari,TE,LAR,0
Drake Dabney,TE,GB,0
Josh Kattus,TE,CIN,0
Lake McRee,TE,PIT,0
Patrick Herbert,TE,JAX,0
Jameson Geers,TE,ARI,0
Jack Endries,TE,CIN,0
Zach Horton,TE,DET,0
Layne Pryor,TE,HOU,0
